[
  {
    "id": "2b533ef2-1f6c-420a-9f54-e951b5b44af0",
    "data": [
      {
        "text": "Mandukaparni ghrita",
        "userDefined": false
      }
    ],
    "isTemplate": false,
    "count": 0,
    "lang": "en",
    "updated": 0
  },
  {
    "id": "ab3adbdd-d6d4-4da9-8f70-5c5ca616399e",
    "data": [
      {
        "text": "Donepezil",
        "userDefined": false
      }
    ],
    "isTemplate": false,
    "count": 0,
    "lang": "en",
    "updated": 0
  },
  {
    "id": "10cc9f07-7aaf-4655-a282-53f52676ddbf",
    "data": [
      {
        "text": "alzhiemer\u0027s disease",
        "userDefined": false
      }
    ],
    "isTemplate": false,
    "count": 0,
    "lang": "en",
    "updated": 0
  },
  {
    "id": "61a29104-c3fe-446d-aca3-7bfa4f4f32ab",
    "data": [
      {
        "text": "smritibhramsha",
        "userDefined": false
      }
    ],
    "isTemplate": false,
    "count": 0,
    "lang": "en",
    "updated": 0
  },
  {
    "id": "7ceff419-dc40-4959-832c-e7069f85cdeb",
    "data": [
      {
        "text": "smritibhra",
        "userDefined": false
      }
    ],
    "isTemplate": false,
    "count": 0,
    "lang": "en",
    "updated": 0
  },
  {
    "id": "53825020-0818-48c9-9934-fe300770de5d",
    "data": [
      {
        "text": "memoryweak",
        "userDefined": false
      }
    ],
    "isTemplate": false,
    "count": 0,
    "lang": "en",
    "updated": 0
  },
  {
    "id": "0804f16e-8d6e-4455-b976-27662f34ca01",
    "data": [
      {
        "text": "memoryloss",
        "userDefined": false
      }
    ],
    "isTemplate": false,
    "count": 0,
    "lang": "en",
    "updated": 0
  },
  {
    "id": "cad4f54c-4d71-4705-899b-bf011c5f2a70",
    "data": [
      {
        "text": "alzheimer",
        "userDefined": false
      }
    ],
    "isTemplate": false,
    "count": 0,
    "lang": "en",
    "updated": 0
  },
  {
    "id": "b70b39f4-3f9b-4624-9bc9-4ce8ef17607f",
    "data": [
      {
        "text": "Are there any Ayurvedic herbs for memory improvement?",
        "userDefined": false
      }
    ],
    "isTemplate": false,
    "count": 0,
    "lang": "en",
    "updated": 0
  },
  {
    "id": "1f9bee97-d0a2-4771-b3cd-3b2337e2d4a0",
    "data": [
      {
        "text": "Tell me about medications for cognitive symptoms.",
        "userDefined": false
      }
    ],
    "isTemplate": false,
    "count": 0,
    "lang": "en",
    "updated": 0
  },
  {
    "id": "cac5dbea-951e-417b-bf6a-7ac36e62b841",
    "data": [
      {
        "text": "How can Alzheimer\u0027s disease be managed?",
        "userDefined": false
      }
    ],
    "isTemplate": false,
    "count": 0,
    "lang": "en",
    "updated": 0
  }
]