[
  {
    "id": "569294fe-cc91-48ab-901f-346264a35372",
    "data": [
      {
        "text": "what do you do?",
        "userDefined": false
      }
    ],
    "isTemplate": false,
    "count": 0,
    "lang": "en",
    "updated": 0
  },
  {
    "id": "450367ff-c3d9-40fa-bb58-9b17615523e9",
    "data": [
      {
        "text": "yourself",
        "userDefined": false
      }
    ],
    "isTemplate": false,
    "count": 0,
    "lang": "en",
    "updated": 0
  },
  {
    "id": "d28665fc-3955-4002-89dc-2eae41dfb335",
    "data": [
      {
        "text": "introduce yourself",
        "userDefined": false
      }
    ],
    "isTemplate": false,
    "count": 0,
    "lang": "en",
    "updated": 0
  },
  {
    "id": "4bae34b8-1cbb-4cd2-bb61-eb1100ba91dc",
    "data": [
      {
        "text": "who r you??",
        "userDefined": false
      }
    ],
    "isTemplate": false,
    "count": 0,
    "lang": "en",
    "updated": 0
  },
  {
    "id": "cb5d4e02-94d8-4f34-bc9d-729b6f3f0247",
    "data": [
      {
        "text": "who are ",
        "userDefined": false
      },
      {
        "text": "yu",
        "userDefined": false
      },
      {
        "text": "?",
        "userDefined": false
      }
    ],
    "isTemplate": false,
    "count": 0,
    "lang": "en",
    "updated": 0
  },
  {
    "id": "1cbb02d0-553b-430c-bd16-17dbcfd39463",
    "data": [
      {
        "text": "who r u",
        "userDefined": false
      }
    ],
    "isTemplate": false,
    "count": 0,
    "lang": "en",
    "updated": 0
  },
  {
    "id": "90294dd8-5d72-4c99-9c67-e4c982e8ca1e",
    "data": [
      {
        "text": "who are u",
        "userDefined": false
      }
    ],
    "isTemplate": false,
    "count": 0,
    "lang": "en",
    "updated": 0
  },
  {
    "id": "8de95614-e23a-47d0-b590-8e0e2a8a1114",
    "data": [
      {
        "text": "who are you?",
        "userDefined": false
      }
    ],
    "isTemplate": false,
    "count": 0,
    "lang": "en",
    "updated": 0
  },
  {
    "id": "41384655-4911-432e-9412-a140aa84b9a5",
    "data": [
      {
        "text": "who are you",
        "userDefined": false
      }
    ],
    "isTemplate": false,
    "count": 0,
    "lang": "en",
    "updated": 0
  },
  {
    "id": "71ac4942-12de-4175-8396-925ab0c232e8",
    "data": [
      {
        "text": "who are u?",
        "userDefined": false
      }
    ],
    "isTemplate": false,
    "count": 0,
    "lang": "en",
    "updated": 0
  },
  {
    "id": "6cc8599e-2db1-4c37-bb30-e2b68509b1f4",
    "data": [
      {
        "text": "Tell me about yourself.",
        "userDefined": false
      }
    ],
    "isTemplate": false,
    "count": 0,
    "lang": "en",
    "updated": 0
  }
]