[
  {
    "id": "801885d4-37ca-47ea-90e6-089685120f77",
    "data": [
      {
        "text": "और",
        "userDefined": true
      }
    ],
    "isTemplate": false,
    "count": 0,
    "lang": "hi",
    "updated": 0
  },
  {
    "id": "7eda5f9c-4d54-4998-86b5-867a5772e88e",
    "data": [
      {
        "text": "और नतीजे",
        "userDefined": true
      }
    ],
    "isTemplate": false,
    "count": 0,
    "lang": "hi",
    "updated": 0
  },
  {
    "id": "525b52d4-7c68-4ba5-8a83-1cb23f967d4b",
    "data": [
      {
        "text": "और कुछ",
        "userDefined": true
      }
    ],
    "isTemplate": false,
    "count": 0,
    "lang": "hi",
    "updated": 0
  },
  {
    "id": "b028acac-5559-4397-a319-c60a3b9bd793",
    "data": [
      {
        "text": "दूसरे नतीजे",
        "userDefined": true
      }
    ],
    "isTemplate": false,
    "count": 0,
    "lang": "hi",
    "updated": 0
  },
  {
    "id": "7616cb19-492a-487a-835c-a4d9f48f3ead",
    "data": [
      {
        "text": "और क्या?",
        "userDefined": true
      }
    ],
    "isTemplate": false,
    "count": 0,
    "lang": "hi",
    "updated": 0
  },
  {
    "id": "f61bd8f2-70d3-4594-8167-d2af31a75193",
    "data": [
      {
        "text": "और भी हैं",
        "userDefined": true
      }
    ],
    "isTemplate": false,
    "count": 0,
    "lang": "hi",
    "updated": 0
  },
  {
    "id": "0f928d54-67cb-4866-a7d4-3f4785be626e",
    "data": [
      {
        "text": "और कुछ बताओ",
        "userDefined": true
      }
    ],
    "isTemplate": false,
    "count": 0,
    "lang": "hi",
    "updated": 0
  },
  {
    "id": "0b1c256e-f4b3-4420-b9bf-484ede1a634e",
    "data": [
      {
        "text": "और कुछ दिखाओ",
        "userDefined": true
      }
    ],
    "isTemplate": false,
    "count": 0,
    "lang": "hi",
    "updated": 0
  },
  {
    "id": "7090c2a5-3c7c-4900-9540-00e629e48f27",
    "data": [
      {
        "text": "ज़्यादा जानकारी",
        "userDefined": true
      }
    ],
    "isTemplate": false,
    "count": 0,
    "lang": "hi",
    "updated": 0
  }
]