[
  {
    "id": "e9028ef4-1077-45e3-af8c-275a87e13169",
    "data": [
      {
        "text": "chestache",
        "userDefined": false
      }
    ],
    "isTemplate": false,
    "count": 0,
    "lang": "en",
    "updated": 0
  },
  {
    "id": "2af9da8e-803a-41ef-ad97-3d4a32c37369",
    "data": [
      {
        "text": "chestach",
        "userDefined": false
      }
    ],
    "isTemplate": false,
    "count": 0,
    "lang": "en",
    "updated": 0
  },
  {
    "id": "ab825439-0d50-42b1-9127-753e8a90f1b3",
    "data": [
      {
        "text": "chest",
        "userDefined": false
      }
    ],
    "isTemplate": false,
    "count": 0,
    "lang": "en",
    "updated": 0
  },
  {
    "id": "cd577ad2-932a-42fe-8311-c71f7e02d5e1",
    "data": [
      {
        "text": "Can you suggest natural ways to relieve chest pain in Ayurveda?",
        "userDefined": false
      }
    ],
    "isTemplate": false,
    "count": 0,
    "lang": "en",
    "updated": 0
  },
  {
    "id": "d5b60893-5b1d-489e-a043-48df3f488a87",
    "data": [
      {
        "text": "Are there Ayurvedic remedies for chest discomfort?",
        "userDefined": false
      }
    ],
    "isTemplate": false,
    "count": 0,
    "lang": "en",
    "updated": 0
  },
  {
    "id": "7655cce1-5ab6-4ef4-bccc-9250f286c946",
    "data": [
      {
        "text": "I have chest pain. How can Ayurveda help?",
        "userDefined": false
      }
    ],
    "isTemplate": false,
    "count": 0,
    "lang": "en",
    "updated": 0
  }
]