[
  {
    "id": "6218fdc8-8cfd-4b40-ad4d-a9f98e07c022",
    "data": [
      {
        "text": "who is you developer?",
        "userDefined": false
      }
    ],
    "isTemplate": false,
    "count": 0,
    "lang": "en",
    "updated": 0
  },
  {
    "id": "31c9b59a-9d54-4a13-a696-43410772e4d8",
    "data": [
      {
        "text": "how are you able to answer this?",
        "userDefined": false
      }
    ],
    "isTemplate": false,
    "count": 0,
    "lang": "en",
    "updated": 0
  },
  {
    "id": "79959adf-438a-4dfb-9c65-672b9499e212",
    "data": [
      {
        "text": "how are you built?",
        "userDefined": false
      }
    ],
    "isTemplate": false,
    "count": 0,
    "lang": "en",
    "updated": 0
  },
  {
    "id": "4f183286-b327-4875-b163-9f083f932233",
    "data": [
      {
        "text": "who build you",
        "userDefined": false
      }
    ],
    "isTemplate": false,
    "count": 0,
    "lang": "en",
    "updated": 0
  },
  {
    "id": "78433336-be5a-4985-8947-351dacbf1972",
    "data": [
      {
        "text": "who develop you?",
        "userDefined": false
      }
    ],
    "isTemplate": false,
    "count": 0,
    "lang": "en",
    "updated": 0
  },
  {
    "id": "21533d7f-1511-4bec-83f7-1b95600e3da4",
    "data": [
      {
        "text": "who developed you?",
        "userDefined": false
      }
    ],
    "isTemplate": false,
    "count": 0,
    "lang": "en",
    "updated": 0
  }
]