[
  {
    "id": "df54fe70-7746-48f4-9432-4ab341ea9077",
    "data": [
      {
        "text": "do not asked",
        "userDefined": false
      }
    ],
    "isTemplate": false,
    "count": 0,
    "lang": "en",
    "updated": 0
  },
  {
    "id": "0199998a-b636-4b9d-8951-2edeba367c08",
    "data": [
      {
        "text": "didnt asked",
        "userDefined": false
      }
    ],
    "isTemplate": false,
    "count": 0,
    "lang": "en",
    "updated": 0
  },
  {
    "id": "82bfe1bc-d776-44b1-9b33-3a59f7eba606",
    "data": [
      {
        "text": "i didnt want that.",
        "userDefined": false
      }
    ],
    "isTemplate": false,
    "count": 0,
    "lang": "en",
    "updated": 0
  },
  {
    "id": "01eb65bd-fb06-4546-bff6-e3bdc5ea877b",
    "data": [
      {
        "text": "i dont ask",
        "userDefined": false
      }
    ],
    "isTemplate": false,
    "count": 0,
    "lang": "en",
    "updated": 0
  },
  {
    "id": "fc217c04-b00b-4a7a-a341-cf328dd8d40d",
    "data": [
      {
        "text": "you are giving wrong answer.",
        "userDefined": false
      }
    ],
    "isTemplate": false,
    "count": 0,
    "lang": "en",
    "updated": 0
  },
  {
    "id": "5337808f-85e5-4b83-96a3-183e831fdb92",
    "data": [
      {
        "text": "i dont ask that.",
        "userDefined": false
      }
    ],
    "isTemplate": false,
    "count": 1,
    "lang": "en",
    "updated": 0
  },
  {
    "id": "c9e0724a-6680-460a-8c21-400edda90baa",
    "data": [
      {
        "text": "i dont want that",
        "userDefined": false
      }
    ],
    "isTemplate": false,
    "count": 0,
    "lang": "en",
    "updated": 0
  },
  {
    "id": "1dddebf9-a0be-49bc-9122-664392a317ef",
    "data": [
      {
        "text": "i did not asked",
        "userDefined": false
      }
    ],
    "isTemplate": false,
    "count": 0,
    "lang": "en",
    "updated": 0
  },
  {
    "id": "b4085f14-ab99-4844-a5ef-5c23b56dd580",
    "data": [
      {
        "text": "I didn\u0027t asked that",
        "userDefined": false
      }
    ],
    "isTemplate": false,
    "count": 0,
    "lang": "en",
    "updated": 0
  }
]