[
  {
    "id": "75b176ef-2e9b-47bb-a0e3-c299d99dc603",
    "data": [
      {
        "text": "Mahamarichyadi Taila",
        "userDefined": false
      }
    ],
    "isTemplate": false,
    "count": 0,
    "lang": "en",
    "updated": 0
  },
  {
    "id": "aaa01a22-ee00-4b49-86bb-4b0df6d15992",
    "data": [
      {
        "text": "support skin health",
        "userDefined": false
      }
    ],
    "isTemplate": false,
    "count": 0,
    "lang": "en",
    "updated": 0
  },
  {
    "id": "93a1c7d7-fdc6-4ba1-b1fa-4c4efb1b5c97",
    "data": [
      {
        "text": "skin health",
        "userDefined": false
      }
    ],
    "isTemplate": false,
    "count": 0,
    "lang": "en",
    "updated": 0
  },
  {
    "id": "1e36f917-982f-4ce1-a22f-d8ab82569c78",
    "data": [
      {
        "text": "itching skin",
        "userDefined": false
      }
    ],
    "isTemplate": false,
    "count": 0,
    "lang": "en",
    "updated": 0
  },
  {
    "id": "7412d89d-5f71-4583-a6a0-88d7be273009",
    "data": [
      {
        "text": "skin itching",
        "userDefined": false
      }
    ],
    "isTemplate": false,
    "count": 0,
    "lang": "en",
    "updated": 0
  },
  {
    "id": "e0ce91df-c5ed-4efb-8141-9af90c58e87c",
    "data": [
      {
        "text": "skin problem",
        "userDefined": false
      }
    ],
    "isTemplate": false,
    "count": 0,
    "lang": "en",
    "updated": 0
  },
  {
    "id": "e62a4848-9aff-4202-8b04-3b30a72435aa",
    "data": [
      {
        "text": "vicharchik",
        "userDefined": false
      }
    ],
    "isTemplate": false,
    "count": 0,
    "lang": "en",
    "updated": 0
  },
  {
    "id": "d5da9b83-895e-4843-a30c-553f8742efd4",
    "data": [
      {
        "text": "vicharchika",
        "userDefined": false
      }
    ],
    "isTemplate": false,
    "count": 0,
    "lang": "en",
    "updated": 0
  },
  {
    "id": "20fd33c9-08fd-41b3-8f18-7d43c4d1128c",
    "data": [
      {
        "text": "eczema",
        "userDefined": false
      }
    ],
    "isTemplate": false,
    "count": 0,
    "lang": "en",
    "updated": 0
  },
  {
    "id": "ea9e787b-69ba-410a-ab84-f556543fb043",
    "data": [
      {
        "text": "Are there specific skincare tips for eczema?",
        "userDefined": false
      }
    ],
    "isTemplate": false,
    "count": 0,
    "lang": "en",
    "updated": 0
  },
  {
    "id": "6be740a7-1d6d-4fc9-925d-bbfb72ccde74",
    "data": [
      {
        "text": "Tell me about Ayurvedic herbs for skin health.",
        "userDefined": false
      }
    ],
    "isTemplate": false,
    "count": 0,
    "lang": "en",
    "updated": 0
  },
  {
    "id": "e0385616-b3de-4ecb-a171-2dcbfb4086ea",
    "data": [
      {
        "text": "How can I manage itching in eczema?",
        "userDefined": false
      }
    ],
    "isTemplate": false,
    "count": 0,
    "lang": "en",
    "updated": 0
  }
]