[
  {
    "id": "67025fc0-3231-4fc0-aa67-cb6510cf6db0",
    "data": [
      {
        "text": "Goodbye",
        "userDefined": false
      }
    ],
    "isTemplate": false,
    "count": 0,
    "lang": "en",
    "updated": 0
  },
  {
    "id": "449037cf-a844-48b1-8792-277d920385ee",
    "data": [
      {
        "text": "bye!!!!",
        "userDefined": false
      }
    ],
    "isTemplate": false,
    "count": 0,
    "lang": "en",
    "updated": 0
  },
  {
    "id": "49c7e9f2-1634-4db2-9f0a-004c50217db7",
    "data": [
      {
        "text": "thanks and bye.",
        "userDefined": false
      }
    ],
    "isTemplate": false,
    "count": 0,
    "lang": "en",
    "updated": 0
  },
  {
    "id": "273539c0-8bbf-4e70-812d-41404fd6d496",
    "data": [
      {
        "text": "bye i need to go",
        "userDefined": false
      }
    ],
    "isTemplate": false,
    "count": 0,
    "lang": "en",
    "updated": 0
  },
  {
    "id": "6a3fb5b0-e92e-4013-863f-5b713338d33c",
    "data": [
      {
        "text": "bye!",
        "userDefined": false
      }
    ],
    "isTemplate": false,
    "count": 0,
    "lang": "en",
    "updated": 0
  },
  {
    "id": "1cd74008-eac7-4413-b11b-21de614223f3",
    "data": [
      {
        "text": "bye",
        "userDefined": false
      }
    ],
    "isTemplate": false,
    "count": 0,
    "lang": "en",
    "updated": 0
  },
  {
    "id": "601ea9e7-da2d-4fba-aab7-c2dc17ee30e3",
    "data": [
      {
        "text": "i need to go.",
        "userDefined": false
      }
    ],
    "isTemplate": false,
    "count": 0,
    "lang": "en",
    "updated": 0
  },
  {
    "id": "181fe287-ad67-44c2-8361-177276dfbb4a",
    "data": [
      {
        "text": "Goodbye!",
        "userDefined": false
      }
    ],
    "isTemplate": false,
    "count": 0,
    "lang": "en",
    "updated": 0
  },
  {
    "id": "f9fa5897-10c8-4ddf-8c8c-b9226b276368",
    "data": [
      {
        "text": "See you later.",
        "userDefined": false
      }
    ],
    "isTemplate": false,
    "count": 0,
    "lang": "en",
    "updated": 0
  }
]