[
  {
    "id": "70cdbdda-e82b-4206-a32a-084852d0605c",
    "data": [
      {
        "text": "eye sight",
        "userDefined": false
      }
    ],
    "isTemplate": false,
    "count": 0,
    "lang": "en",
    "updated": 0
  },
  {
    "id": "6b53d56c-b16e-462b-932e-c314908fb778",
    "data": [
      {
        "text": "eye",
        "userDefined": false
      }
    ],
    "isTemplate": false,
    "count": 0,
    "lang": "en",
    "updated": 0
  },
  {
    "id": "463d4018-e038-4af7-8af0-69e461093384",
    "data": [
      {
        "text": "eye sight problem",
        "userDefined": false
      }
    ],
    "isTemplate": false,
    "count": 0,
    "lang": "en",
    "updated": 0
  },
  {
    "id": "477ee0ff-a477-4339-8ed8-9d275cab37b9",
    "data": [
      {
        "text": "I need medicine for eye sight problem",
        "userDefined": false
      }
    ],
    "isTemplate": false,
    "count": 0,
    "lang": "en",
    "updated": 0
  }
]