[
  {
    "id": "45aae741-b90e-4735-b9cc-a3e94510ca19",
    "data": [
      {
        "text": "do this",
        "userDefined": false
      }
    ],
    "isTemplate": false,
    "count": 0,
    "lang": "en",
    "updated": 0
  },
  {
    "id": "2778e307-043f-4f8b-af07-97eaf9680cb6",
    "data": [
      {
        "text": "pain",
        "userDefined": false
      }
    ],
    "isTemplate": false,
    "count": 0,
    "lang": "en",
    "updated": 0
  },
  {
    "id": "003560ab-4689-4501-a025-e681ebf96b2a",
    "data": [
      {
        "text": "de212423rwerfsdasdasda",
        "userDefined": false
      }
    ],
    "isTemplate": false,
    "count": 0,
    "lang": "en",
    "updated": 0
  },
  {
    "id": "56a18416-416f-4ca6-a0b2-5df74938089a",
    "data": [
      {
        "text": "da21312321eaaassa",
        "userDefined": false
      }
    ],
    "isTemplate": false,
    "count": 0,
    "lang": "en",
    "updated": 0
  },
  {
    "id": "9b2db49d-299b-4030-a225-78b14c8e6a00",
    "data": [
      {
        "text": "dasdasdasdasdasda",
        "userDefined": false
      }
    ],
    "isTemplate": false,
    "count": 0,
    "lang": "en",
    "updated": 0
  },
  {
    "id": "1799d525-f03a-4204-a90b-336e60357159",
    "data": [
      {
        "text": "dasdas",
        "userDefined": false
      }
    ],
    "isTemplate": false,
    "count": 0,
    "lang": "en",
    "updated": 0
  },
  {
    "id": "415c7bd8-f423-4d2a-b0f5-8423e6d50aff",
    "data": [
      {
        "text": "dasda",
        "userDefined": false
      }
    ],
    "isTemplate": false,
    "count": 0,
    "lang": "en",
    "updated": 0
  },
  {
    "id": "bd919b48-8234-41e3-8ceb-e62f3c81016f",
    "data": [
      {
        "text": "dasdasda",
        "userDefined": false
      }
    ],
    "isTemplate": false,
    "count": 0,
    "lang": "en",
    "updated": 0
  },
  {
    "id": "a1f9d0dc-02d5-427d-809d-ff3ed81b5595",
    "data": [
      {
        "text": "asdasdasdasdsadas",
        "userDefined": false
      }
    ],
    "isTemplate": false,
    "count": 0,
    "lang": "en",
    "updated": 0
  },
  {
    "id": "a3e1a240-ae8d-48a1-871f-eab5f83d349d",
    "data": [
      {
        "text": "Sorry, I\u0027m confused.",
        "userDefined": false
      }
    ],
    "isTemplate": false,
    "count": 0,
    "lang": "en",
    "updated": 0
  },
  {
    "id": "1b39ab2f-64e7-4324-8972-bc1eb9cbb2c1",
    "data": [
      {
        "text": "Can you repeat that?",
        "userDefined": false
      }
    ],
    "isTemplate": false,
    "count": 0,
    "lang": "en",
    "updated": 0
  },
  {
    "id": "9b39d56c-6134-4d7c-8023-c7d1a9a3f68a",
    "data": [
      {
        "text": "I don\u0027t understand.",
        "userDefined": false
      }
    ],
    "isTemplate": false,
    "count": 0,
    "lang": "en",
    "updated": 0
  }
]