[
  {
    "id": "d7759f0e-f0cf-496e-a2e9-80a99f59e8b6",
    "data": [
      {
        "text": "नहीं",
        "userDefined": true
      }
    ],
    "isTemplate": false,
    "count": 0,
    "lang": "hi",
    "updated": 0
  },
  {
    "id": "faddef96-5b10-480e-9238-acd7207f46fd",
    "data": [
      {
        "text": "मत करो",
        "userDefined": true
      }
    ],
    "isTemplate": false,
    "count": 0,
    "lang": "hi",
    "updated": 0
  },
  {
    "id": "62f13f0b-0dd5-4789-b79a-01ced27cbe3f",
    "data": [
      {
        "text": "बिलकुल नहीं",
        "userDefined": true
      }
    ],
    "isTemplate": false,
    "count": 0,
    "lang": "hi",
    "updated": 0
  },
  {
    "id": "88c54f6e-d5a5-4db2-8876-37c931f2f588",
    "data": [
      {
        "text": "जी नहीं",
        "userDefined": true
      }
    ],
    "isTemplate": false,
    "count": 0,
    "lang": "hi",
    "updated": 0
  },
  {
    "id": "d7b9bede-4f1d-43b2-baa7-e25d0d6f1e68",
    "data": [
      {
        "text": "शुक्रिया, लेकिन नहीं",
        "userDefined": true
      }
    ],
    "isTemplate": false,
    "count": 0,
    "lang": "hi",
    "updated": 0
  },
  {
    "id": "f6ed69b5-913a-4ff2-a421-6d9f970f7806",
    "data": [
      {
        "text": "कोई दिलचस्पी नहीं",
        "userDefined": true
      }
    ],
    "isTemplate": false,
    "count": 0,
    "lang": "hi",
    "updated": 0
  },
  {
    "id": "16e56b18-1c9b-4abd-9a2d-4e40f5576ba2",
    "data": [
      {
        "text": "मुझे नहीं लगता",
        "userDefined": true
      }
    ],
    "isTemplate": false,
    "count": 0,
    "lang": "hi",
    "updated": 0
  },
  {
    "id": "5aa6cb71-aeab-4d80-b118-0b817da2236d",
    "data": [
      {
        "text": "मैं नहीं मानती",
        "userDefined": true
      }
    ],
    "isTemplate": false,
    "count": 0,
    "lang": "hi",
    "updated": 0
  },
  {
    "id": "86883e6e-da34-40b1-8e5c-effb5318b183",
    "data": [
      {
        "text": "मुझे नहीं चाहिए",
        "userDefined": true
      }
    ],
    "isTemplate": false,
    "count": 0,
    "lang": "hi",
    "updated": 0
  }
]