[
  {
    "id": "875ee338-e63b-460f-8a70-e635facf3ad3",
    "data": [
      {
        "text": "joint health",
        "userDefined": false
      }
    ],
    "isTemplate": false,
    "count": 0,
    "lang": "en",
    "updated": 0
  },
  {
    "id": "2ab5fe4f-29d4-434a-a886-e2e5a115a0e1",
    "data": [
      {
        "text": "Punarnavadi Kwath",
        "userDefined": false
      }
    ],
    "isTemplate": false,
    "count": 0,
    "lang": "en",
    "updated": 0
  },
  {
    "id": "12ec6e0e-2b41-4052-b941-0ca70249d50b",
    "data": [
      {
        "text": "guduchi",
        "userDefined": false
      }
    ],
    "isTemplate": false,
    "count": 0,
    "lang": "en",
    "updated": 0
  },
  {
    "id": "11d1357f-3a8a-4be5-b7d0-bcbfd8aeb2d4",
    "data": [
      {
        "text": "swelling jointpain",
        "userDefined": false
      }
    ],
    "isTemplate": false,
    "count": 0,
    "lang": "en",
    "updated": 0
  },
  {
    "id": "777d20e4-5c87-4ffa-b67a-18a983792af5",
    "data": [
      {
        "text": "jointpain",
        "userDefined": false
      }
    ],
    "isTemplate": false,
    "count": 0,
    "lang": "en",
    "updated": 0
  },
  {
    "id": "3416d9e4-ebef-4654-9584-f96b2af283b8",
    "data": [
      {
        "text": "vatrakta",
        "userDefined": false
      }
    ],
    "isTemplate": false,
    "count": 0,
    "lang": "en",
    "updated": 0
  },
  {
    "id": "39469562-d329-4424-8975-73574e2ab181",
    "data": [
      {
        "text": "vatarakta",
        "userDefined": false
      }
    ],
    "isTemplate": false,
    "count": 0,
    "lang": "en",
    "updated": 0
  },
  {
    "id": "f6d50872-f30b-4713-9969-1240cfc21476",
    "data": [
      {
        "text": "Are there specific dietary recommendations for gout?",
        "userDefined": false
      }
    ],
    "isTemplate": false,
    "count": 0,
    "lang": "en",
    "updated": 0
  },
  {
    "id": "5a40d359-ea3d-4ffc-a889-6fdc25df9e9d",
    "data": [
      {
        "text": "Tell me about Ayurvedic herbs for joint health.",
        "userDefined": false
      }
    ],
    "isTemplate": false,
    "count": 0,
    "lang": "en",
    "updated": 0
  },
  {
    "id": "c760e64a-9ec7-4998-8d8b-1e3216d89f02",
    "data": [
      {
        "text": "What are the symptoms of gout?",
        "userDefined": false
      }
    ],
    "isTemplate": false,
    "count": 0,
    "lang": "en",
    "updated": 0
  }
]