[
  {
    "id": "ec3809a3-66c7-4e89-af00-e91b9a79436e",
    "data": [
      {
        "text": "hii",
        "userDefined": false
      }
    ],
    "isTemplate": false,
    "count": 0,
    "lang": "en",
    "updated": 0
  },
  {
    "id": "d3490de2-d516-44b3-8015-7aa7af26decd",
    "data": [
      {
        "text": "hiii",
        "userDefined": false
      }
    ],
    "isTemplate": false,
    "count": 1,
    "lang": "en",
    "updated": 0
  },
  {
    "id": "b645045e-49a7-454d-9046-430321ade4c1",
    "data": [
      {
        "text": "hi",
        "userDefined": false
      }
    ],
    "isTemplate": false,
    "count": 1,
    "lang": "en",
    "updated": 0
  },
  {
    "id": "355e9bf8-db7e-4df6-a121-d695b7950b4a",
    "data": [
      {
        "text": "hello",
        "userDefined": false
      }
    ],
    "isTemplate": false,
    "count": 3,
    "lang": "en",
    "updated": 0
  },
  {
    "id": "4898868e-a156-45d2-b9ae-e9973e6aa1d5",
    "data": [
      {
        "text": "hey!",
        "userDefined": false
      }
    ],
    "isTemplate": false,
    "count": 0,
    "lang": "en",
    "updated": 0
  },
  {
    "id": "1c07af42-0985-458e-8174-67491a0bbe3b",
    "data": [
      {
        "text": "hey",
        "userDefined": false
      }
    ],
    "isTemplate": false,
    "count": 0,
    "lang": "en",
    "updated": 0
  },
  {
    "id": "8e732b12-f3de-489c-9c17-819de855447e",
    "data": [
      {
        "text": "Greetings!",
        "userDefined": false
      }
    ],
    "isTemplate": false,
    "count": 0,
    "lang": "en",
    "updated": 0
  },
  {
    "id": "d604ca2b-fd05-4f2d-ad9c-02c8d0756a89",
    "data": [
      {
        "text": "Hey there!",
        "userDefined": false
      }
    ],
    "isTemplate": false,
    "count": 0,
    "lang": "en",
    "updated": 0
  },
  {
    "id": "dcbf9b56-89b3-4ea3-a5fe-ae333016747d",
    "data": [
      {
        "text": "Hello!",
        "userDefined": false
      }
    ],
    "isTemplate": false,
    "count": 0,
    "lang": "en",
    "updated": 0
  }
]