[
  {
    "id": "61d56db4-5c07-4cf1-aea1-2b14a4a8de56",
    "data": [
      {
        "text": "help!!!!",
        "userDefined": false
      }
    ],
    "isTemplate": false,
    "count": 0,
    "lang": "en",
    "updated": 0
  },
  {
    "id": "5a0044cf-48be-4f68-8e38-417a9eb192d8",
    "data": [
      {
        "text": "please help",
        "userDefined": false
      }
    ],
    "isTemplate": false,
    "count": 0,
    "lang": "en",
    "updated": 0
  },
  {
    "id": "932ca2cb-4348-40f0-b94f-04408f0dbfa0",
    "data": [
      {
        "text": "need help",
        "userDefined": false
      }
    ],
    "isTemplate": false,
    "count": 0,
    "lang": "en",
    "updated": 0
  },
  {
    "id": "3282d81d-8f47-4870-a64b-02e8f304198f",
    "data": [
      {
        "text": "help needed",
        "userDefined": false
      }
    ],
    "isTemplate": false,
    "count": 0,
    "lang": "en",
    "updated": 0
  },
  {
    "id": "8f383a2b-d21b-4fbf-b7bc-1be5af91c798",
    "data": [
      {
        "text": "can you help me?",
        "userDefined": false
      }
    ],
    "isTemplate": false,
    "count": 0,
    "lang": "en",
    "updated": 0
  },
  {
    "id": "70b8c997-5972-4886-b0da-d9c0d93341c7",
    "data": [
      {
        "text": "help me",
        "userDefined": false
      }
    ],
    "isTemplate": false,
    "count": 0,
    "lang": "en",
    "updated": 0
  },
  {
    "id": "9ba23bf4-07dd-43a6-ae30-b04e17d5da7f",
    "data": [
      {
        "text": "i need help",
        "userDefined": false
      }
    ],
    "isTemplate": false,
    "count": 0,
    "lang": "en",
    "updated": 0
  },
  {
    "id": "b0305f35-0bc9-4114-aa9f-a77935193241",
    "data": [
      {
        "text": "help!",
        "userDefined": false
      }
    ],
    "isTemplate": false,
    "count": 0,
    "lang": "en",
    "updated": 0
  },
  {
    "id": "79ec124d-64da-490b-a5e9-36babd20e667",
    "data": [
      {
        "text": "help",
        "userDefined": false
      }
    ],
    "isTemplate": false,
    "count": 0,
    "lang": "en",
    "updated": 0
  },
  {
    "id": "b73524a4-43ef-4d5a-8506-02d55c342943",
    "data": [
      {
        "text": "Can you provide assistance?",
        "userDefined": false
      }
    ],
    "isTemplate": false,
    "count": 0,
    "lang": "en",
    "updated": 0
  },
  {
    "id": "6eb940b0-f556-4c8b-b640-960a17bbee7f",
    "data": [
      {
        "text": "How can you assist?",
        "userDefined": false
      }
    ],
    "isTemplate": false,
    "count": 0,
    "lang": "en",
    "updated": 0
  }
]