[
  {
    "id": "940a7963-fbbf-4e4e-94f9-703523b40f83",
    "data": [
      {
        "text": "liver",
        "userDefined": false
      }
    ],
    "isTemplate": false,
    "count": 0,
    "lang": "en",
    "updated": 0
  },
  {
    "id": "6a890615-c6f8-4a6a-a9bf-3af51af56126",
    "data": [
      {
        "text": "liver health",
        "userDefined": false
      }
    ],
    "isTemplate": false,
    "count": 0,
    "lang": "en",
    "updated": 0
  },
  {
    "id": "d63d09da-ba7c-46a2-8519-7155972d703c",
    "data": [
      {
        "text": "Arogyavardhini Vati",
        "userDefined": false
      }
    ],
    "isTemplate": false,
    "count": 0,
    "lang": "en",
    "updated": 0
  },
  {
    "id": "1a4ba0cf-fdaa-498b-be7d-aff074e4a461",
    "data": [
      {
        "text": "Tenofovir",
        "userDefined": false
      }
    ],
    "isTemplate": false,
    "count": 0,
    "lang": "en",
    "updated": 0
  },
  {
    "id": "0e2649f5-906e-4ccd-b33b-ea96eaf33de6",
    "data": [
      {
        "text": "Entecavir",
        "userDefined": false
      }
    ],
    "isTemplate": false,
    "count": 0,
    "lang": "en",
    "updated": 0
  },
  {
    "id": "ed3e2ec3-dc18-49be-855a-7fc8a93b62b3",
    "data": [
      {
        "text": "abdominal pain",
        "userDefined": false
      }
    ],
    "isTemplate": false,
    "count": 0,
    "lang": "en",
    "updated": 0
  },
  {
    "id": "2f88aee8-154c-4ed3-a7ca-026284ece3c3",
    "data": [
      {
        "text": "jaundice",
        "userDefined": false
      }
    ],
    "isTemplate": false,
    "count": 0,
    "lang": "en",
    "updated": 0
  },
  {
    "id": "536f1849-9ef7-48ae-bcef-da2855b524cc",
    "data": [
      {
        "text": "sotha",
        "userDefined": false
      }
    ],
    "isTemplate": false,
    "count": 0,
    "lang": "en",
    "updated": 0
  },
  {
    "id": "7f53ff20-f9ba-4cb5-8465-76f6e6195c18",
    "data": [
      {
        "text": "Yakritpleeha",
        "userDefined": false
      }
    ],
    "isTemplate": false,
    "count": 0,
    "lang": "en",
    "updated": 0
  },
  {
    "id": "053cf4ea-5256-4106-81c5-1029785dd517",
    "data": [
      {
        "text": "Hepatitis B",
        "userDefined": false
      }
    ],
    "isTemplate": false,
    "count": 0,
    "lang": "en",
    "updated": 0
  },
  {
    "id": "6c390239-43d6-477d-980c-f6f333d9d52a",
    "data": [
      {
        "text": "How is Hepatitis B managed in Ayurveda?",
        "userDefined": false
      }
    ],
    "isTemplate": false,
    "count": 0,
    "lang": "en",
    "updated": 0
  },
  {
    "id": "553a723b-2950-4b92-a54b-112671199b80",
    "data": [
      {
        "text": "Tell me about Ayurvedic herbs for liver health.",
        "userDefined": false
      }
    ],
    "isTemplate": false,
    "count": 0,
    "lang": "en",
    "updated": 0
  },
  {
    "id": "77ae7597-5ab9-43fa-ac8b-863f0f307bd1",
    "data": [
      {
        "text": "What are the symptoms of Hepatitis B?",
        "userDefined": false
      }
    ],
    "isTemplate": false,
    "count": 0,
    "lang": "en",
    "updated": 0
  }
]