[
  {
    "id": "34a9b9d2-4974-48c3-b306-bea790d08f80",
    "data": [
      {
        "text": "influnza",
        "userDefined": false
      }
    ],
    "isTemplate": false,
    "count": 0,
    "lang": "en",
    "updated": 0
  },
  {
    "id": "afce4747-8a61-4a11-93ca-b8f822eadcdb",
    "data": [
      {
        "text": "lnfunza",
        "userDefined": false
      }
    ],
    "isTemplate": false,
    "count": 0,
    "lang": "en",
    "updated": 0
  },
  {
    "id": "24b316f5-ed9a-4410-9eab-3ba77f117793",
    "data": [
      {
        "text": "influ",
        "userDefined": false
      }
    ],
    "isTemplate": false,
    "count": 0,
    "lang": "en",
    "updated": 0
  },
  {
    "id": "972924f5-df57-4737-8dbf-d0d0899ae7cc",
    "data": [
      {
        "text": "jvar",
        "userDefined": false
      }
    ],
    "isTemplate": false,
    "count": 0,
    "lang": "en",
    "updated": 0
  },
  {
    "id": "8049d7be-f905-4038-8bf4-2c98729b97f1",
    "data": [
      {
        "text": "sannipat",
        "userDefined": false
      }
    ],
    "isTemplate": false,
    "count": 0,
    "lang": "en",
    "updated": 0
  },
  {
    "id": "f4ed0d61-e462-44a0-a079-81b3d510b660",
    "data": [
      {
        "text": "jvara",
        "userDefined": false
      }
    ],
    "isTemplate": false,
    "count": 0,
    "lang": "en",
    "updated": 0
  },
  {
    "id": "d180b303-a40e-43f0-80ed-65a3a9912ccc",
    "data": [
      {
        "text": "sannipata",
        "userDefined": false
      }
    ],
    "isTemplate": false,
    "count": 0,
    "lang": "en",
    "updated": 0
  },
  {
    "id": "fba00dde-6b1f-4598-9a0d-67ac54dcf992",
    "data": [
      {
        "text": "influenza",
        "userDefined": false
      }
    ],
    "isTemplate": false,
    "count": 0,
    "lang": "en",
    "updated": 0
  },
  {
    "id": "228f6c7a-2bf9-45a4-b1e9-1454907d28c8",
    "data": [
      {
        "text": "How can I manage fatigue caused by Influenza?",
        "userDefined": false
      }
    ],
    "isTemplate": false,
    "count": 0,
    "lang": "en",
    "updated": 0
  },
  {
    "id": "d195d7b4-dc64-49da-96b1-f52028fec769",
    "data": [
      {
        "text": "What Ayurvedic formulations are recommended for Influenza?",
        "userDefined": false
      }
    ],
    "isTemplate": false,
    "count": 0,
    "lang": "en",
    "updated": 0
  },
  {
    "id": "d099bbe1-44ee-4c75-a9c2-c1927e149dbb",
    "data": [
      {
        "text": "Tell me more about Influenza and its symptoms.",
        "userDefined": false
      }
    ],
    "isTemplate": false,
    "count": 0,
    "lang": "en",
    "updated": 0
  }
]