[
  {
    "id": "4e1f14a7-bd6d-4016-8262-f8ca9f2211c1",
    "data": [
      {
        "text": "wrong",
        "userDefined": false
      }
    ],
    "isTemplate": false,
    "count": 0,
    "lang": "en",
    "updated": 0
  },
  {
    "id": "a1dbb27d-df3d-4095-9675-9f7ccb8c2b41",
    "data": [
      {
        "text": "suicide",
        "userDefined": false
      }
    ],
    "isTemplate": false,
    "count": 0,
    "lang": "en",
    "updated": 0
  },
  {
    "id": "66150d52-be50-4a13-a98b-282b004b492e",
    "data": [
      {
        "text": "die",
        "userDefined": false
      }
    ],
    "isTemplate": false,
    "count": 0,
    "lang": "en",
    "updated": 0
  },
  {
    "id": "e38d0063-8a57-4a1c-b5c2-7bcd5fdf677a",
    "data": [
      {
        "text": "kill",
        "userDefined": false
      }
    ],
    "isTemplate": false,
    "count": 0,
    "lang": "en",
    "updated": 0
  },
  {
    "id": "a996aa1e-ff81-4d0c-a69c-e382cc4594b0",
    "data": [
      {
        "text": "asasdadasddzdvdfg dh d hd fhd",
        "userDefined": false
      }
    ],
    "isTemplate": false,
    "count": 0,
    "lang": "en",
    "updated": 0
  },
  {
    "id": "074aae74-181b-404f-baaf-12721ee7e610",
    "data": [
      {
        "text": "1234567890",
        "userDefined": false
      }
    ],
    "isTemplate": false,
    "count": 0,
    "lang": "en",
    "updated": 0
  },
  {
    "id": "630a94bf-65aa-4cfc-bdd6-3932aaaffd80",
    "data": [
      {
        "text": "12414q23rsdadaa",
        "userDefined": false
      }
    ],
    "isTemplate": false,
    "count": 0,
    "lang": "en",
    "updated": 0
  },
  {
    "id": "c85b8728-0306-4b79-8752-83f2b209b0f5",
    "data": [
      {
        "text": "blank",
        "userDefined": false
      }
    ],
    "isTemplate": false,
    "count": 0,
    "lang": "en",
    "updated": 0
  },
  {
    "id": "b3a18153-e9d7-4cb7-b30f-269217fd0ebf",
    "data": [
      {
        "text": "asdasdasdasdasdad",
        "userDefined": false
      }
    ],
    "isTemplate": false,
    "count": 0,
    "lang": "en",
    "updated": 0
  },
  {
    "id": "59a10ecd-c12d-4e04-8db8-d7fe4e52ce39",
    "data": [
      {
        "text": "dasdasdas",
        "userDefined": false
      }
    ],
    "isTemplate": false,
    "count": 0,
    "lang": "en",
    "updated": 0
  },
  {
    "id": "312fa7b6-0661-4720-a808-3342fe93fe8e",
    "data": [
      {
        "text": "adasdasda",
        "userDefined": false
      }
    ],
    "isTemplate": false,
    "count": 0,
    "lang": "en",
    "updated": 0
  },
  {
    "id": "df93c358-2062-46fa-aad3-7c2020afd399",
    "data": [
      {
        "text": "asdasdad",
        "userDefined": false
      }
    ],
    "isTemplate": false,
    "count": 0,
    "lang": "en",
    "updated": 0
  },
  {
    "id": "7b2b6772-8c70-4f8a-95d7-35976f630540",
    "data": [
      {
        "text": "dasdasdasd",
        "userDefined": false
      }
    ],
    "isTemplate": false,
    "count": 0,
    "lang": "en",
    "updated": 0
  },
  {
    "id": "3389ade2-f32f-4f60-962b-3c64f662a93f",
    "data": [
      {
        "text": "asdasdasdasdasda",
        "userDefined": false
      }
    ],
    "isTemplate": false,
    "count": 0,
    "lang": "en",
    "updated": 0
  }
]