[
  {
    "id": "a3d0d096-14f3-4786-a04f-0b4db2f21815",
    "data": [
      {
        "text": "i am suffering from loose motion",
        "userDefined": false
      }
    ],
    "isTemplate": false,
    "count": 0,
    "lang": "en",
    "updated": 0
  },
  {
    "id": "15bdbdc9-ff9b-470d-b9ed-753ce8ee9d47",
    "data": [
      {
        "text": "i have loose motion",
        "userDefined": false
      }
    ],
    "isTemplate": false,
    "count": 0,
    "lang": "en",
    "updated": 0
  },
  {
    "id": "d8ec4060-7d65-4e64-9896-883b19ae0093",
    "data": [
      {
        "text": "loose motion",
        "userDefined": false
      }
    ],
    "isTemplate": false,
    "count": 0,
    "lang": "en",
    "updated": 0
  },
  {
    "id": "cff2b43a-ebdb-4dbd-9ad7-e2bb87dcd514",
    "data": [
      {
        "text": "i got loose motion",
        "userDefined": false
      }
    ],
    "isTemplate": false,
    "count": 0,
    "lang": "en",
    "updated": 0
  }
]