[
  {
    "id": "bc1a2472-1177-4828-9702-c772921ec947",
    "data": [
      {
        "text": "rajaswala anta",
        "userDefined": false
      }
    ],
    "isTemplate": false,
    "count": 0,
    "lang": "en",
    "updated": 0
  },
  {
    "id": "3da2dfad-66cc-4076-a0cc-2fe5acbc861d",
    "data": [
      {
        "text": "menopausal symptoms",
        "userDefined": false
      }
    ],
    "isTemplate": false,
    "count": 0,
    "lang": "en",
    "updated": 0
  },
  {
    "id": "9e7012e9-378b-4352-96d7-d775e94469f3",
    "data": [
      {
        "text": "menopause",
        "userDefined": false
      }
    ],
    "isTemplate": false,
    "count": 0,
    "lang": "en",
    "updated": 0
  },
  {
    "id": "40787f06-578a-41cf-8b28-998306cef764",
    "data": [
      {
        "text": "women during menopause",
        "userDefined": false
      }
    ],
    "isTemplate": false,
    "count": 0,
    "lang": "en",
    "updated": 0
  },
  {
    "id": "bf5fbc46-0848-4fb5-ab83-654a0d80cab0",
    "data": [
      {
        "text": "hot flashes",
        "userDefined": false
      }
    ],
    "isTemplate": false,
    "count": 0,
    "lang": "en",
    "updated": 0
  },
  {
    "id": "14b74c10-7a59-49c1-b636-ddd04445ec41",
    "data": [
      {
        "text": "mood swings",
        "userDefined": false
      }
    ],
    "isTemplate": false,
    "count": 0,
    "lang": "en",
    "updated": 0
  },
  {
    "id": "4aef3bf1-510e-48bf-8833-0e43211d43af",
    "data": [
      {
        "text": "Are there specific lifestyle changes for women going through menopause?",
        "userDefined": false
      }
    ],
    "isTemplate": false,
    "count": 0,
    "lang": "en",
    "updated": 0
  },
  {
    "id": "04fb5c48-73e2-4905-b835-91b579bf03c0",
    "data": [
      {
        "text": "Tell me about Ayurvedic herbs for managing menopausal symptoms.",
        "userDefined": false
      }
    ],
    "isTemplate": false,
    "count": 0,
    "lang": "en",
    "updated": 0
  },
  {
    "id": "71b78eaf-fdf8-409d-b420-08c45ea3a160",
    "data": [
      {
        "text": "What are the common symptoms of menopause?",
        "userDefined": false
      }
    ],
    "isTemplate": false,
    "count": 0,
    "lang": "en",
    "updated": 0
  }
]