[
  {
    "id": "0887a152-7b5d-41ea-a21b-6ff6dab48d0a",
    "data": [
      {
        "text": "i think i have menstrual cramps",
        "userDefined": false
      }
    ],
    "isTemplate": false,
    "count": 0,
    "lang": "en",
    "updated": 0
  },
  {
    "id": "e4f8572d-d68f-4e7b-9883-77536568668b",
    "data": [
      {
        "text": "painful cramps",
        "userDefined": false
      }
    ],
    "isTemplate": false,
    "count": 0,
    "lang": "en",
    "updated": 0
  },
  {
    "id": "17834997-813e-4587-a8e9-9a180d67633d",
    "data": [
      {
        "text": "i have painful cramps",
        "userDefined": false
      }
    ],
    "isTemplate": false,
    "count": 0,
    "lang": "en",
    "updated": 0
  },
  {
    "id": "93becc23-3f7a-4667-a056-4c0a62b722ca",
    "data": [
      {
        "text": "i get painful menstrual cramps",
        "userDefined": false
      }
    ],
    "isTemplate": false,
    "count": 0,
    "lang": "en",
    "updated": 0
  },
  {
    "id": "d7c614e2-4fcb-4cd7-98bf-ba8fc4f89aa2",
    "data": [
      {
        "text": "painful menstrual cramps",
        "userDefined": false
      }
    ],
    "isTemplate": false,
    "count": 0,
    "lang": "en",
    "updated": 0
  },
  {
    "id": "2500afb1-b9f7-42bc-bda3-060e1261d61c",
    "data": [
      {
        "text": "i have painful menstrual cramps",
        "userDefined": false
      }
    ],
    "isTemplate": false,
    "count": 0,
    "lang": "en",
    "updated": 0
  },
  {
    "id": "555daa8b-5915-4144-92a4-18c540a36171",
    "data": [
      {
        "text": "i have dysmenorrhea",
        "userDefined": false
      }
    ],
    "isTemplate": false,
    "count": 0,
    "lang": "en",
    "updated": 0
  }
]