[
  {
    "id": "398c5d24-b0f3-42a5-baba-9be501db3b30",
    "data": [
      {
        "text": "support reproductive health",
        "userDefined": false
      }
    ],
    "isTemplate": false,
    "count": 0,
    "lang": "en",
    "updated": 0
  },
  {
    "id": "b5216e95-125f-4c6b-9cfe-e1fe80ae3235",
    "data": [
      {
        "text": "Rajarajaeshwari Ras",
        "userDefined": false
      }
    ],
    "isTemplate": false,
    "count": 0,
    "lang": "en",
    "updated": 0
  },
  {
    "id": "72c4d9fd-1dac-4b86-a6c5-5f5599d0f2c6",
    "data": [
      {
        "text": "painful cramps",
        "userDefined": false
      }
    ],
    "isTemplate": false,
    "count": 0,
    "lang": "en",
    "updated": 0
  },
  {
    "id": "2995ee28-636d-40a8-9df4-d17a2a0cdf3f",
    "data": [
      {
        "text": "irregular periods",
        "userDefined": false
      }
    ],
    "isTemplate": false,
    "count": 0,
    "lang": "en",
    "updated": 0
  },
  {
    "id": "55e6a4cf-2adb-4916-a497-18d1634f0dc8",
    "data": [
      {
        "text": "Rajaswala Dosha",
        "userDefined": false
      }
    ],
    "isTemplate": false,
    "count": 0,
    "lang": "en",
    "updated": 0
  },
  {
    "id": "8c0b1d26-4f65-4492-a336-ae52cd9677a7",
    "data": [
      {
        "text": "menstrual disorders",
        "userDefined": false
      }
    ],
    "isTemplate": false,
    "count": 0,
    "lang": "en",
    "updated": 0
  },
  {
    "id": "5d037328-1999-4619-825d-71f6209ebca6",
    "data": [
      {
        "text": "reproductive health",
        "userDefined": false
      }
    ],
    "isTemplate": false,
    "count": 0,
    "lang": "en",
    "updated": 0
  },
  {
    "id": "ce32f650-3a61-41fa-b29d-3d624e8c0aaa",
    "data": [
      {
        "text": "reproductive",
        "userDefined": false
      }
    ],
    "isTemplate": false,
    "count": 0,
    "lang": "en",
    "updated": 0
  },
  {
    "id": "85a4a596-17f0-4336-953f-53f6da2e08f3",
    "data": [
      {
        "text": "menstrual",
        "userDefined": false
      }
    ],
    "isTemplate": false,
    "count": 0,
    "lang": "en",
    "updated": 0
  },
  {
    "id": "0279e339-d484-4f1d-a453-ef3eca0d9ab5",
    "data": [
      {
        "text": "Are there lifestyle changes for managing menstrual disorders?",
        "userDefined": false
      }
    ],
    "isTemplate": false,
    "count": 0,
    "lang": "en",
    "updated": 0
  },
  {
    "id": "39345272-d414-4d34-8c75-d44a5b310a4b",
    "data": [
      {
        "text": "Tell me about Ayurvedic herbs for reproductive health.",
        "userDefined": false
      }
    ],
    "isTemplate": false,
    "count": 0,
    "lang": "en",
    "updated": 0
  },
  {
    "id": "c53f9ee1-9d67-4064-9e05-387ee8cf4edf",
    "data": [
      {
        "text": "What are the common menstrual disorders?",
        "userDefined": false
      }
    ],
    "isTemplate": false,
    "count": 0,
    "lang": "en",
    "updated": 0
  }
]