[
  {
    "id": "b65b8b29-59d2-4792-ae9b-f1d2f49fcc51",
    "data": [
      {
        "text": "i have heavy bleeding in menstrual cycle",
        "userDefined": false
      }
    ],
    "isTemplate": false,
    "count": 0,
    "lang": "en",
    "updated": 0
  },
  {
    "id": "4775df75-c107-4aca-b921-db76fbdda888",
    "data": [
      {
        "text": "i am having heavy bleeding in periods",
        "userDefined": false
      }
    ],
    "isTemplate": false,
    "count": 0,
    "lang": "en",
    "updated": 0
  },
  {
    "id": "787e256c-e2b6-42f4-bdd2-ae5785b89f49",
    "data": [
      {
        "text": "i have menorrhagia",
        "userDefined": false
      }
    ],
    "isTemplate": false,
    "count": 0,
    "lang": "en",
    "updated": 0
  },
  {
    "id": "dbe157ac-42e3-4c20-b59b-a2d5a68ee851",
    "data": [
      {
        "text": "bleeding heavily",
        "userDefined": false
      }
    ],
    "isTemplate": false,
    "count": 0,
    "lang": "en",
    "updated": 0
  },
  {
    "id": "27b2410e-5e37-41ab-bfe7-ec8871400f4f",
    "data": [
      {
        "text": "i am suffering heavy bleeding",
        "userDefined": false
      }
    ],
    "isTemplate": false,
    "count": 0,
    "lang": "en",
    "updated": 0
  },
  {
    "id": "d406933f-27a4-4e5c-9554-c318442005fa",
    "data": [
      {
        "text": "prolonged menstrual periods",
        "userDefined": false
      }
    ],
    "isTemplate": false,
    "count": 0,
    "lang": "en",
    "updated": 0
  },
  {
    "id": "61b762ea-c737-46f2-bc5f-59dfce12aed4",
    "data": [
      {
        "text": "heavy bleeding",
        "userDefined": false
      }
    ],
    "isTemplate": false,
    "count": 0,
    "lang": "en",
    "updated": 0
  },
  {
    "id": "cabfaae8-189c-4193-a78c-e5d719e6e7f5",
    "data": [
      {
        "text": "Menorrhagia",
        "userDefined": false
      }
    ],
    "isTemplate": false,
    "count": 0,
    "lang": "en",
    "updated": 0
  }
]