[
  {
    "id": "12adc279-90a3-438f-8501-d42b3f762bf8",
    "data": [
      {
        "text": "What is your name?",
        "userDefined": false
      }
    ],
    "isTemplate": false,
    "count": 0,
    "lang": "en",
    "updated": 0
  },
  {
    "id": "e3dbea2b-244c-4884-af78-025a9ba1094d",
    "data": [
      {
        "text": "who r you?",
        "userDefined": false
      }
    ],
    "isTemplate": false,
    "count": 0,
    "lang": "en",
    "updated": 0
  },
  {
    "id": "9e845861-12b4-435b-b56a-d028adc92d16",
    "data": [
      {
        "text": "who you?",
        "userDefined": false
      }
    ],
    "isTemplate": false,
    "count": 0,
    "lang": "en",
    "updated": 0
  },
  {
    "id": "d3db87a1-b4ed-4dda-a667-57203b36af2e",
    "data": [
      {
        "text": "Who are you?",
        "userDefined": false
      }
    ],
    "isTemplate": false,
    "count": 1,
    "lang": "en",
    "updated": 0
  },
  {
    "id": "57923f0f-3571-4c1e-b39f-a20aa7b89d82",
    "data": [
      {
        "text": "What\u0027s your name?",
        "userDefined": false
      }
    ],
    "isTemplate": false,
    "count": 0,
    "lang": "en",
    "updated": 0
  }
]