[
  {
    "id": "f2f89885-fffa-43cb-ba68-86c8595abb35",
    "data": [
      {
        "text": "relieve congestion",
        "userDefined": false
      }
    ],
    "isTemplate": false,
    "count": 0,
    "lang": "en",
    "updated": 0
  },
  {
    "id": "323848cd-0768-402c-856d-7b5c638fc64e",
    "data": [
      {
        "text": "treatpinasa",
        "userDefined": false
      }
    ],
    "isTemplate": false,
    "count": 0,
    "lang": "en",
    "updated": 0
  },
  {
    "id": "bbe3dc5c-fd43-418d-9c60-d6824ce80927",
    "data": [
      {
        "text": "treat pinasa",
        "userDefined": false
      }
    ],
    "isTemplate": false,
    "count": 0,
    "lang": "en",
    "updated": 0
  },
  {
    "id": "42c5d005-8bbc-4cf3-9f5a-df27c8c41803",
    "data": [
      {
        "text": "pinasa",
        "userDefined": false
      }
    ],
    "isTemplate": false,
    "count": 0,
    "lang": "en",
    "updated": 0
  },
  {
    "id": "2bc3aa1d-708d-4b21-ae12-81dd16d70ef1",
    "data": [
      {
        "text": "Are there any specific precautions for preventing Pinasa?",
        "userDefined": false
      }
    ],
    "isTemplate": false,
    "count": 0,
    "lang": "en",
    "updated": 0
  },
  {
    "id": "61c60a4a-f991-4a32-b71e-ade6452860a5",
    "data": [
      {
        "text": "Tell me about Ayurvedic formulations for treating Pinasa.",
        "userDefined": false
      }
    ],
    "isTemplate": false,
    "count": 0,
    "lang": "en",
    "updated": 0
  },
  {
    "id": "544c72c0-e4a2-40b2-9996-cd2097a0266a",
    "data": [
      {
        "text": "How can I relieve congestion associated with Pinasa?",
        "userDefined": false
      }
    ],
    "isTemplate": false,
    "count": 0,
    "lang": "en",
    "updated": 0
  }
]