[
  {
    "id": "7d6f1602-9367-4fc7-a896-75d3b3bc7628",
    "data": [
      {
        "text": "soriasis",
        "userDefined": false
      }
    ],
    "isTemplate": false,
    "count": 0,
    "lang": "en",
    "updated": 0
  },
  {
    "id": "41bcf4de-1615-431f-9fe4-2b52b8912b04",
    "data": [
      {
        "text": "kaishore guggulu",
        "userDefined": false
      }
    ],
    "isTemplate": false,
    "count": 0,
    "lang": "en",
    "updated": 0
  },
  {
    "id": "88e5644c-a701-4489-9e29-569e547b6b16",
    "data": [
      {
        "text": "Kaishora Guggulu",
        "userDefined": false
      }
    ],
    "isTemplate": false,
    "count": 0,
    "lang": "en",
    "updated": 0
  },
  {
    "id": "afb897ad-25d5-4aff-9fe1-16b29f54b391",
    "data": [
      {
        "text": "red",
        "userDefined": false
      },
      {
        "text": " patches",
        "userDefined": false
      }
    ],
    "isTemplate": false,
    "count": 0,
    "lang": "en",
    "updated": 0
  },
  {
    "id": "cfb2da00-8d7a-4eac-a6a5-84c370afe24f",
    "data": [
      {
        "text": "patches",
        "userDefined": false
      }
    ],
    "isTemplate": false,
    "count": 0,
    "lang": "en",
    "updated": 0
  },
  {
    "id": "5d46d462-10a5-4038-9949-72cdde5037bf",
    "data": [
      {
        "text": "scaly patches",
        "userDefined": false
      }
    ],
    "isTemplate": false,
    "count": 0,
    "lang": "en",
    "updated": 0
  },
  {
    "id": "c95e8a8c-0314-4453-ba00-03cbc005d845",
    "data": [
      {
        "text": "sidhma kushtam",
        "userDefined": false
      }
    ],
    "isTemplate": false,
    "count": 0,
    "lang": "en",
    "updated": 0
  },
  {
    "id": "06bfa182-983e-4a82-8a04-9e28055f6ff9",
    "data": [
      {
        "text": "sidhma",
        "userDefined": false
      }
    ],
    "isTemplate": false,
    "count": 0,
    "lang": "en",
    "updated": 0
  },
  {
    "id": "47b16892-79af-42da-ab20-84f4a1951b46",
    "data": [
      {
        "text": "psoriasis",
        "userDefined": false
      }
    ],
    "isTemplate": false,
    "count": 0,
    "lang": "en",
    "updated": 0
  },
  {
    "id": "53adbf9c-c26e-40b7-aee3-e4ca6e36da6f",
    "data": [
      {
        "text": "Are there specific triggers for psoriasis?",
        "userDefined": false
      }
    ],
    "isTemplate": false,
    "count": 0,
    "lang": "en",
    "updated": 0
  },
  {
    "id": "ee6f5b00-20ad-45c6-acbe-68c6396b3b96",
    "data": [
      {
        "text": "Tell me about Ayurvedic herbs for managing psoriasis.",
        "userDefined": false
      }
    ],
    "isTemplate": false,
    "count": 0,
    "lang": "en",
    "updated": 0
  },
  {
    "id": "54d4ce5a-52ae-4341-9a2d-d0cd38ef626d",
    "data": [
      {
        "text": "What are the common symptoms of psoriasis?",
        "userDefined": false
      }
    ],
    "isTemplate": false,
    "count": 0,
    "lang": "en",
    "updated": 0
  }
]