[
  {
    "id": "aa207c0d-80cd-40fb-b7bb-9a70178eea41",
    "data": [
      {
        "text": "useful",
        "userDefined": false
      }
    ],
    "isTemplate": false,
    "count": 0,
    "lang": "en",
    "updated": 0
  },
  {
    "id": "63ac2dda-0e39-4115-a17a-586f42ffdc6d",
    "data": [
      {
        "text": "helpful info",
        "userDefined": false
      }
    ],
    "isTemplate": false,
    "count": 0,
    "lang": "en",
    "updated": 0
  },
  {
    "id": "69d30fe4-b434-4ff9-bedc-bfef7cc368f0",
    "data": [
      {
        "text": "helpful.",
        "userDefined": false
      }
    ],
    "isTemplate": false,
    "count": 0,
    "lang": "en",
    "updated": 0
  },
  {
    "id": "b0599e7e-01b9-4154-8291-a2fe956ccff8",
    "data": [
      {
        "text": "excellent",
        "userDefined": false
      }
    ],
    "isTemplate": false,
    "count": 0,
    "lang": "en",
    "updated": 0
  },
  {
    "id": "a90955f2-d403-482f-acff-59c7be8a7a45",
    "data": [
      {
        "text": "amazing",
        "userDefined": false
      }
    ],
    "isTemplate": false,
    "count": 0,
    "lang": "en",
    "updated": 0
  },
  {
    "id": "413e4ff1-5e42-4c7f-b0b6-da66c746c53b",
    "data": [
      {
        "text": "love you",
        "userDefined": false
      }
    ],
    "isTemplate": false,
    "count": 0,
    "lang": "en",
    "updated": 0
  },
  {
    "id": "887301e4-2d6d-4412-835f-f6770cfbc0dc",
    "data": [
      {
        "text": "thanks",
        "userDefined": false
      }
    ],
    "isTemplate": false,
    "count": 0,
    "lang": "en",
    "updated": 0
  },
  {
    "id": "5bd982b8-b62d-41c9-a76d-08e72c8a0a12",
    "data": [
      {
        "text": "thans",
        "userDefined": false
      }
    ],
    "isTemplate": false,
    "count": 0,
    "lang": "en",
    "updated": 0
  },
  {
    "id": "d249cd73-4342-43e9-af2d-1a816763bb2a",
    "data": [
      {
        "text": "thankyou bot",
        "userDefined": false
      }
    ],
    "isTemplate": false,
    "count": 0,
    "lang": "en",
    "updated": 0
  },
  {
    "id": "c6ca79ef-74f6-4e79-898c-a1d3a060b8b5",
    "data": [
      {
        "text": "thank you sir",
        "userDefined": false
      }
    ],
    "isTemplate": false,
    "count": 0,
    "lang": "en",
    "updated": 0
  },
  {
    "id": "c5663fe8-ea30-4697-b2c7-45b7d411e84d",
    "data": [
      {
        "text": "thankyou so much",
        "userDefined": false
      }
    ],
    "isTemplate": false,
    "count": 0,
    "lang": "en",
    "updated": 0
  },
  {
    "id": "a28620c6-367b-4369-a11c-5d6ae9712219",
    "data": [
      {
        "text": "tysm",
        "userDefined": false
      }
    ],
    "isTemplate": false,
    "count": 0,
    "lang": "en",
    "updated": 0
  },
  {
    "id": "7501e59e-06da-43e8-a94d-09bb0be6cf68",
    "data": [
      {
        "text": "tyvm",
        "userDefined": false
      }
    ],
    "isTemplate": false,
    "count": 0,
    "lang": "en",
    "updated": 0
  },
  {
    "id": "553d7fc3-e7e7-423e-9c08-c336dd7e7ca8",
    "data": [
      {
        "text": "thankyou very much",
        "userDefined": false
      }
    ],
    "isTemplate": false,
    "count": 0,
    "lang": "en",
    "updated": 0
  },
  {
    "id": "d9fda30b-b451-4ee0-97aa-b767e7f878e2",
    "data": [
      {
        "text": "nice",
        "userDefined": false
      }
    ],
    "isTemplate": false,
    "count": 0,
    "lang": "en",
    "updated": 0
  },
  {
    "id": "e19aa11f-7d38-4773-a8f9-877006cadcce",
    "data": [
      {
        "text": "thank",
        "userDefined": false
      }
    ],
    "isTemplate": false,
    "count": 1,
    "lang": "en",
    "updated": 0
  },
  {
    "id": "3378e5d3-b849-48cd-b7a4-c42beea08a1e",
    "data": [
      {
        "text": "Thank you",
        "userDefined": false
      }
    ],
    "isTemplate": false,
    "count": 0,
    "lang": "en",
    "updated": 0
  }
]