[
  {
    "id": "502089a5-0d86-4137-a40c-40696f91190d",
    "data": [
      {
        "text": "tuberclosis",
        "userDefined": false
      }
    ],
    "isTemplate": false,
    "count": 0,
    "lang": "en",
    "updated": 0
  },
  {
    "id": "7aa1fc4d-ecf9-4aa2-8d56-3d27a9c7b788",
    "data": [
      {
        "text": "Swasakuthar Ras",
        "userDefined": false
      }
    ],
    "isTemplate": false,
    "count": 0,
    "lang": "en",
    "updated": 0
  },
  {
    "id": "bc92fb76-b0af-4704-b9c6-aaebc2e97b73",
    "data": [
      {
        "text": "cough weight loss",
        "userDefined": false
      }
    ],
    "isTemplate": false,
    "count": 0,
    "lang": "en",
    "updated": 0
  },
  {
    "id": "dd0024c1-d3a4-46e2-8ebf-af99cb0db5cc",
    "data": [
      {
        "text": "rajyashama",
        "userDefined": false
      }
    ],
    "isTemplate": false,
    "count": 0,
    "lang": "en",
    "updated": 0
  },
  {
    "id": "0f3b5c82-aac0-4ad9-968b-63527d9a10b7",
    "data": [
      {
        "text": "rajayakshma",
        "userDefined": false
      }
    ],
    "isTemplate": false,
    "count": 0,
    "lang": "en",
    "updated": 0
  },
  {
    "id": "1f7b8d8f-1e27-45bd-98fb-69ee698968d4",
    "data": [
      {
        "text": "tb",
        "userDefined": false
      }
    ],
    "isTemplate": false,
    "count": 0,
    "lang": "en",
    "updated": 0
  },
  {
    "id": "68a1f8c3-1374-432b-b9c8-106c0994e551",
    "data": [
      {
        "text": "tuberculosis",
        "userDefined": false
      }
    ],
    "isTemplate": false,
    "count": 0,
    "lang": "en",
    "updated": 0
  },
  {
    "id": "4600ec38-7112-4142-b7f8-de2c0e9a5a0f",
    "data": [
      {
        "text": "respiratory health",
        "userDefined": false
      }
    ],
    "isTemplate": false,
    "count": 0,
    "lang": "en",
    "updated": 0
  },
  {
    "id": "6d99a2c4-08db-47d2-b893-b71ccf4e27fc",
    "data": [
      {
        "text": "How is tuberculosis treated in Ayurveda?",
        "userDefined": false
      }
    ],
    "isTemplate": false,
    "count": 0,
    "lang": "en",
    "updated": 0
  },
  {
    "id": "0d0195fd-cb92-45cc-a79e-866c704c8dbb",
    "data": [
      {
        "text": "Tell me about Ayurvedic herbs for respiratory health.",
        "userDefined": false
      }
    ],
    "isTemplate": false,
    "count": 0,
    "lang": "en",
    "updated": 0
  },
  {
    "id": "8142c792-5036-4799-81d9-229d41815411",
    "data": [
      {
        "text": "What are the symptoms of tuberculosis?",
        "userDefined": false
      }
    ],
    "isTemplate": false,
    "count": 0,
    "lang": "en",
    "updated": 0
  }
]