[
  {
    "id": "c4ce1473-5505-4985-af49-56184815d352",
    "data": [
      {
        "text": "doshas dosh",
        "userDefined": false
      }
    ],
    "isTemplate": false,
    "count": 0,
    "lang": "en",
    "updated": 0
  },
  {
    "id": "8012f3bb-9170-4d6c-b736-d9cc712135d9",
    "data": [
      {
        "text": "doshas in ayurveda?",
        "userDefined": false
      }
    ],
    "isTemplate": false,
    "count": 0,
    "lang": "en",
    "updated": 0
  },
  {
    "id": "90ad1108-1fe9-4405-ac4f-70d267b0d829",
    "data": [
      {
        "text": "what are doshas",
        "userDefined": false
      }
    ],
    "isTemplate": false,
    "count": 0,
    "lang": "en",
    "updated": 0
  },
  {
    "id": "3d8f2170-fe22-4cf4-8afd-6b626addcf4f",
    "data": [
      {
        "text": "dosh",
        "userDefined": false
      }
    ],
    "isTemplate": false,
    "count": 0,
    "lang": "en",
    "updated": 0
  },
  {
    "id": "1d398d62-b3fc-410d-ad81-929c8316b733",
    "data": [
      {
        "text": "doshas",
        "userDefined": false
      }
    ],
    "isTemplate": false,
    "count": 0,
    "lang": "en",
    "updated": 0
  },
  {
    "id": "4cbcb5fc-0e10-4f91-be33-6d0121bdad7c",
    "data": [
      {
        "text": "What are the doshas in Ayurveda?",
        "userDefined": false
      }
    ],
    "isTemplate": false,
    "count": 0,
    "lang": "en",
    "updated": 0
  }
]