[
  {
    "id": "8741a59c-1655-4546-9335-a684c9229cd6",
    "data": [
      {
        "text": "wegt",
        "userDefined": false
      }
    ],
    "isTemplate": false,
    "count": 0,
    "lang": "en",
    "updated": 0
  },
  {
    "id": "c033065f-954d-414b-8296-7549eaf8d1cc",
    "data": [
      {
        "text": "weght",
        "userDefined": false
      }
    ],
    "isTemplate": false,
    "count": 0,
    "lang": "en",
    "updated": 0
  },
  {
    "id": "21269a99-ed0b-4433-8164-0b31c14d0d21",
    "data": [
      {
        "text": "weighting",
        "userDefined": false
      }
    ],
    "isTemplate": false,
    "count": 0,
    "lang": "en",
    "updated": 0
  },
  {
    "id": "b938799a-4047-49d6-aaea-f655a03da2f3",
    "data": [
      {
        "text": "gain weight",
        "userDefined": false
      }
    ],
    "isTemplate": false,
    "count": 0,
    "lang": "en",
    "updated": 0
  },
  {
    "id": "cae08e89-e324-4b45-9e19-7c824595cb89",
    "data": [
      {
        "text": "weight gain",
        "userDefined": false
      }
    ],
    "isTemplate": false,
    "count": 0,
    "lang": "en",
    "updated": 0
  },
  {
    "id": "c5830ee3-2286-4ed8-9fba-e8943ff5ce05",
    "data": [
      {
        "text": "weightloss management",
        "userDefined": false
      }
    ],
    "isTemplate": false,
    "count": 0,
    "lang": "en",
    "updated": 0
  },
  {
    "id": "e93a7b21-614a-4aa2-a3c4-25e9ef6b4975",
    "data": [
      {
        "text": "weightloss",
        "userDefined": false
      }
    ],
    "isTemplate": false,
    "count": 0,
    "lang": "en",
    "updated": 0
  },
  {
    "id": "3a1e6ab8-5546-4799-a9db-327acb2c53c2",
    "data": [
      {
        "text": "weight",
        "userDefined": false
      }
    ],
    "isTemplate": false,
    "count": 0,
    "lang": "en",
    "updated": 0
  },
  {
    "id": "0d345012-bcf3-422f-b449-933758e10520",
    "data": [
      {
        "text": "Can Ayurveda help with weight management?",
        "userDefined": false
      }
    ],
    "isTemplate": false,
    "count": 0,
    "lang": "en",
    "updated": 0
  }
]