[
  {
    "id": "047b03ea-534f-4ddc-822a-10b731692889",
    "data": [
      {
        "text": "What Ayurvedic practices promote mental well-being?",
        "userDefined": false
      }
    ],
    "isTemplate": false,
    "count": 0,
    "lang": "en",
    "updated": 0
  },
  {
    "id": "0fb9fcb7-f9f3-407d-8bc9-00e188c42aa6",
    "data": [
      {
        "text": "I\u0027ve been feeling really stressed lately. Any Ayurvedic tips to relax?",
        "userDefined": false
      }
    ],
    "isTemplate": false,
    "count": 0,
    "lang": "en",
    "updated": 0
  }
]