[
  {
    "id": "65d83fdf-a5ba-45d0-82a9-b04a7728c882",
    "data": [
      {
        "text": "what do you know about yoga?",
        "userDefined": false
      }
    ],
    "isTemplate": false,
    "count": 0,
    "lang": "en",
    "updated": 0
  },
  {
    "id": "b6c93530-5524-43d0-b692-bdb64901351e",
    "data": [
      {
        "text": "yoga",
        "userDefined": false
      }
    ],
    "isTemplate": false,
    "count": 0,
    "lang": "en",
    "updated": 0
  },
  {
    "id": "b23409b5-a91c-4783-8d5e-258749a9d386",
    "data": [
      {
        "text": "what is yoga.",
        "userDefined": false
      }
    ],
    "isTemplate": false,
    "count": 0,
    "lang": "en",
    "updated": 0
  },
  {
    "id": "8d30bd1d-405a-41d8-be72-14489d397b98",
    "data": [
      {
        "text": "tell me about yoga.",
        "userDefined": false
      }
    ],
    "isTemplate": false,
    "count": 0,
    "lang": "en",
    "updated": 0
  }
]